sector_id,sector_name,trade_date,close,pct_change,amount,constituent_count,provider,industry_level,concept_tags
advanced_manufacturing,Advanced Manufacturing Fixture,2025-01-02,1000.0000,0.0000,18000000000.0000,3,fixture,L1,fixture
advanced_manufacturing,Advanced Manufacturing Fixture,2025-01-03,1004.5729,0.0046,18024000000.0000,3,fixture,L1,fixture
advanced_manufacturing,Advanced Manufacturing Fixture,2025-01-06,1009.0706,0.0045,18048000000.0000,3,fixture,L1,fixture
advanced_manufacturing,Advanced Manufacturing Fixture,2025-01-07,1013.4196,0.0043,18072000000.0000,3,fixture,L1,fixture
advanced_manufacturing,Advanced Manufacturing Fixture,2025-01-08,1017.5491,0.0041,18096000000.0000,3,fixture,L1,fixture
advanced_manufacturing,Advanced Manufacturing Fixture,2025-01-09,1021.3926,0.0038,18120000000.0000,3,fixture,L1,fixture
advanced_manufacturing,Advanced Manufacturing Fixture,2025-01-10,1024.8896,0.0034,18144000000.0000,3,fixture,L1,fixture
advanced_manufacturing,Advanced Manufacturing Fixture,2025-01-13,1027.9860,0.0030,18168000000.0000,3,fixture,L1,fixture
advanced_manufacturing,Advanced Manufacturing Fixture,2025-01-14,1030.6359,0.0026,18192000000.0000,3,fixture,L1,fixture
advanced_manufacturing,Advanced Manufacturing Fixture,2025-01-15,1032.8020,0.0021,18216000000.0000,3,fixture,L1,fixture
advanced_manufacturing,Advanced Manufacturing Fixture,2025-01-16,1034.4566,0.0016,18240000000.0000,3,fixture,L1,fixture
advanced_manufacturing,Advanced Manufacturing Fixture,2025-01-17,1035.5819,0.0011,18264000000.0000,3,fixture,L1,fixture
advanced_manufacturing,Advanced Manufacturing Fixture,2025-01-20,1036.1706,0.0006,18288000000.0000,3,fixture,L1,fixture
advanced_manufacturing,Advanced Manufacturing Fixture,2025-01-21,1036.2258,0.0001,18312000000.0000,3,fixture,L1,fixture
advanced_manufacturing,Advanced Manufacturing Fixture,2025-01-22,1035.7609,-0.0004,18336000000.0000,3,fixture,L1,fixture
advanced_manufacturing,Advanced Manufacturing Fixture,2025-01-23,1034.7994,-0.0009,18360000000.0000,3,fixture,L1,fixture
advanced_manufacturing,Advanced Manufacturing Fixture,2025-01-24,1033.3742,-0.0014,18384000000.0000,3,fixture,L1,fixture
advanced_manufacturing,Advanced Manufacturing Fixture,2025-01-27,1031.5272,-0.0018,18408000000.0000,3,fixture,L1,fixture
advanced_manufacturing,Advanced Manufacturing Fixture,2025-01-28,1029.3081,-0.0022,18432000000.0000,3,fixture,L1,fixture
advanced_manufacturing,Advanced Manufacturing Fixture,2025-01-29,1026.7737,-0.0025,18456000000.0000,3,fixture,L1,fixture
advanced_manufacturing,Advanced Manufacturing Fixture,2025-01-30,1023.9862,-0.0027,18480000000.0000,3,fixture,L1,fixture
advanced_manufacturing,Advanced Manufacturing Fixture,2025-01-31,1021.0125,-0.0029,18504000000.0000,3,fixture,L1,fixture
advanced_manufacturing,Advanced Manufacturing Fixture,2025-02-03,1017.9223,-0.0030,18528000000.0000,3,fixture,L1,fixture
advanced_manufacturing,Advanced Manufacturing Fixture,2025-02-04,1014.7872,-0.0031,18552000000.0000,3,fixture,L1,fixture
advanced_manufacturing,Advanced Manufacturing Fixture,2025-02-05,1011.6785,-0.0031,18576000000.0000,3,fixture,L1,fixture
advanced_manufacturing,Advanced Manufacturing Fixture,2025-02-06,1008.6665,-0.0030,18600000000.0000,3,fixture,L1,fixture
advanced_manufacturing,Advanced Manufacturing Fixture,2025-02-07,1005.8186,-0.0028,18624000000.0000,3,fixture,L1,fixture
advanced_manufacturing,Advanced Manufacturing Fixture,2025-02-10,1003.1977,-0.0026,18648000000.0000,3,fixture,L1,fixture
advanced_manufacturing,Advanced Manufacturing Fixture,2025-02-11,1000.8618,-0.0023,18672000000.0000,3,fixture,L1,fixture
advanced_manufacturing,Advanced Manufacturing Fixture,2025-02-12,998.8617,-0.0020,18696000000.0000,3,fixture,L1,fixture
advanced_manufacturing,Advanced Manufacturing Fixture,2025-02-13,997.2407,-0.0016,18720000000.0000,3,fixture,L1,fixture
advanced_manufacturing,Advanced Manufacturing Fixture,2025-02-14,996.0336,-0.0012,18744000000.0000,3,fixture,L1,fixture
advanced_manufacturing,Advanced Manufacturing Fixture,2025-02-17,995.2657,-0.0008,18768000000.0000,3,fixture,L1,fixture
advanced_manufacturing,Advanced Manufacturing Fixture,2025-02-18,994.9525,-0.0003,18792000000.0000,3,fixture,L1,fixture
advanced_manufacturing,Advanced Manufacturing Fixture,2025-02-19,995.0995,0.0001,18816000000.0000,3,fixture,L1,fixture
advanced_manufacturing,Advanced Manufacturing Fixture,2025-02-20,995.7018,0.0006,18840000000.0000,3,fixture,L1,fixture
advanced_manufacturing,Advanced Manufacturing Fixture,2025-02-21,996.7445,0.0010,18864000000.0000,3,fixture,L1,fixture
advanced_manufacturing,Advanced Manufacturing Fixture,2025-02-24,998.2029,0.0015,18888000000.0000,3,fixture,L1,fixture
advanced_manufacturing,Advanced Manufacturing Fixture,2025-02-25,1000.0428,0.0018,18912000000.0000,3,fixture,L1,fixture
advanced_manufacturing,Advanced Manufacturing Fixture,2025-02-26,1002.2215,0.0022,18936000000.0000,3,fixture,L1,fixture
advanced_manufacturing,Advanced Manufacturing Fixture,2025-02-27,1004.6888,0.0025,18960000000.0000,3,fixture,L1,fixture
advanced_manufacturing,Advanced Manufacturing Fixture,2025-02-28,1007.3875,0.0027,18984000000.0000,3,fixture,L1,fixture
advanced_manufacturing,Advanced Manufacturing Fixture,2025-03-03,1010.2552,0.0028,19008000000.0000,3,fixture,L1,fixture
advanced_manufacturing,Advanced Manufacturing Fixture,2025-03-04,1013.2253,0.0029,19032000000.0000,3,fixture,L1,fixture
advanced_manufacturing,Advanced Manufacturing Fixture,2025-03-05,1016.2282,0.0030,19056000000.0000,3,fixture,L1,fixture
advanced_manufacturing,Advanced Manufacturing Fixture,2025-03-06,1019.1932,0.0029,19080000000.0000,3,fixture,L1,fixture
advanced_manufacturing,Advanced Manufacturing Fixture,2025-03-07,1022.0496,0.0028,19104000000.0000,3,fixture,L1,fixture
advanced_manufacturing,Advanced Manufacturing Fixture,2025-03-10,1024.7283,0.0026,19128000000.0000,3,fixture,L1,fixture
advanced_manufacturing,Advanced Manufacturing Fixture,2025-03-11,1027.1633,0.0024,19152000000.0000,3,fixture,L1,fixture
advanced_manufacturing,Advanced Manufacturing Fixture,2025-03-12,1029.2930,0.0021,19176000000.0000,3,fixture,L1,fixture
advanced_manufacturing,Advanced Manufacturing Fixture,2025-03-13,1031.0614,0.0017,19200000000.0000,3,fixture,L1,fixture
advanced_manufacturing,Advanced Manufacturing Fixture,2025-03-14,1032.4197,0.0013,19224000000.0000,3,fixture,L1,fixture
advanced_manufacturing,Advanced Manufacturing Fixture,2025-03-17,1033.3266,0.0009,19248000000.0000,3,fixture,L1,fixture
advanced_manufacturing,Advanced Manufacturing Fixture,2025-03-18,1033.7500,0.0004,19272000000.0000,3,fixture,L1,fixture
advanced_manufacturing,Advanced Manufacturing Fixture,2025-03-19,1033.6670,-0.0001,19296000000.0000,3,fixture,L1,fixture
advanced_manufacturing,Advanced Manufacturing Fixture,2025-03-20,1033.0650,-0.0006,19320000000.0000,3,fixture,L1,fixture
advanced_manufacturing,Advanced Manufacturing Fixture,2025-03-21,1031.9414,-0.0011,19344000000.0000,3,fixture,L1,fixture
advanced_manufacturing,Advanced Manufacturing Fixture,2025-03-24,1030.3043,-0.0016,19368000000.0000,3,fixture,L1,fixture
advanced_manufacturing,Advanced Manufacturing Fixture,2025-03-25,1028.1719,-0.0021,19392000000.0000,3,fixture,L1,fixture
advanced_manufacturing,Advanced Manufacturing Fixture,2025-03-26,1025.5725,-0.0025,19416000000.0000,3,fixture,L1,fixture
advanced_manufacturing,Advanced Manufacturing Fixture,2025-03-27,1022.5437,-0.0030,19440000000.0000,3,fixture,L1,fixture
advanced_manufacturing,Advanced Manufacturing Fixture,2025-03-28,1019.1320,-0.0033,19464000000.0000,3,fixture,L1,fixture
advanced_manufacturing,Advanced Manufacturing Fixture,2025-03-31,1015.3915,-0.0037,19488000000.0000,3,fixture,L1,fixture
advanced_manufacturing,Advanced Manufacturing Fixture,2025-04-01,1011.3833,-0.0039,19512000000.0000,3,fixture,L1,fixture
advanced_manufacturing,Advanced Manufacturing Fixture,2025-04-02,1007.1737,-0.0042,19536000000.0000,3,fixture,L1,fixture
advanced_manufacturing,Advanced Manufacturing Fixture,2025-04-03,1002.8337,-0.0043,19560000000.0000,3,fixture,L1,fixture
advanced_manufacturing,Advanced Manufacturing Fixture,2025-04-04,998.4368,-0.0044,19584000000.0000,3,fixture,L1,fixture
advanced_manufacturing,Advanced Manufacturing Fixture,2025-04-07,994.0581,-0.0044,19608000000.0000,3,fixture,L1,fixture
advanced_manufacturing,Advanced Manufacturing Fixture,2025-04-08,989.7725,-0.0043,19632000000.0000,3,fixture,L1,fixture
advanced_manufacturing,Advanced Manufacturing Fixture,2025-04-09,985.6535,-0.0042,19656000000.0000,3,fixture,L1,fixture
advanced_manufacturing,Advanced Manufacturing Fixture,2025-04-10,981.7713,-0.0039,19680000000.0000,3,fixture,L1,fixture
advanced_manufacturing,Advanced Manufacturing Fixture,2025-04-11,978.1920,-0.0036,19704000000.0000,3,fixture,L1,fixture
advanced_manufacturing,Advanced Manufacturing Fixture,2025-04-14,974.9757,-0.0033,19728000000.0000,3,fixture,L1,fixture
advanced_manufacturing,Advanced Manufacturing Fixture,2025-04-15,972.1758,-0.0029,19752000000.0000,3,fixture,L1,fixture
advanced_manufacturing,Advanced Manufacturing Fixture,2025-04-16,969.8377,-0.0024,19776000000.0000,3,fixture,L1,fixture
advanced_manufacturing,Advanced Manufacturing Fixture,2025-04-17,967.9979,-0.0019,19800000000.0000,3,fixture,L1,fixture
advanced_manufacturing,Advanced Manufacturing Fixture,2025-04-18,966.6834,-0.0014,19824000000.0000,3,fixture,L1,fixture
advanced_manufacturing,Advanced Manufacturing Fixture,2025-04-21,965.9110,-0.0008,19848000000.0000,3,fixture,L1,fixture
advanced_manufacturing,Advanced Manufacturing Fixture,2025-04-22,965.6874,-0.0002,19872000000.0000,3,fixture,L1,fixture
advanced_manufacturing,Advanced Manufacturing Fixture,2025-04-23,966.0086,0.0003,19896000000.0000,3,fixture,L1,fixture
advanced_manufacturing,Advanced Manufacturing Fixture,2025-04-24,966.8601,0.0009,19920000000.0000,3,fixture,L1,fixture
advanced_manufacturing,Advanced Manufacturing Fixture,2025-04-25,968.2178,0.0014,19944000000.0000,3,fixture,L1,fixture
advanced_manufacturing,Advanced Manufacturing Fixture,2025-04-28,970.0475,0.0019,19968000000.0000,3,fixture,L1,fixture
advanced_manufacturing,Advanced Manufacturing Fixture,2025-04-29,972.3065,0.0023,19992000000.0000,3,fixture,L1,fixture
advanced_manufacturing,Advanced Manufacturing Fixture,2025-04-30,974.9442,0.0027,20016000000.0000,3,fixture,L1,fixture
advanced_manufacturing,Advanced Manufacturing Fixture,2025-05-01,977.9029,0.0030,20040000000.0000,3,fixture,L1,fixture
advanced_manufacturing,Advanced Manufacturing Fixture,2025-05-02,981.1194,0.0033,20064000000.0000,3,fixture,L1,fixture
advanced_manufacturing,Advanced Manufacturing Fixture,2025-05-05,984.5259,0.0035,20088000000.0000,3,fixture,L1,fixture
advanced_manufacturing,Advanced Manufacturing Fixture,2025-05-06,988.0519,0.0036,20112000000.0000,3,fixture,L1,fixture
advanced_manufacturing,Advanced Manufacturing Fixture,2025-05-07,991.6249,0.0036,20136000000.0000,3,fixture,L1,fixture
advanced_manufacturing,Advanced Manufacturing Fixture,2025-05-08,995.1727,0.0036,20160000000.0000,3,fixture,L1,fixture
advanced_manufacturing,Advanced Manufacturing Fixture,2025-05-09,998.6243,0.0035,20184000000.0000,3,fixture,L1,fixture
advanced_manufacturing,Advanced Manufacturing Fixture,2025-05-12,1001.9116,0.0033,20208000000.0000,3,fixture,L1,fixture
advanced_manufacturing,Advanced Manufacturing Fixture,2025-05-13,1004.9707,0.0031,20232000000.0000,3,fixture,L1,fixture
advanced_manufacturing,Advanced Manufacturing Fixture,2025-05-14,1007.7432,0.0028,20256000000.0000,3,fixture,L1,fixture
advanced_manufacturing,Advanced Manufacturing Fixture,2025-05-15,1010.1775,0.0024,20280000000.0000,3,fixture,L1,fixture
advanced_manufacturing,Advanced Manufacturing Fixture,2025-05-16,1012.2296,0.0020,20304000000.0000,3,fixture,L1,fixture
advanced_manufacturing,Advanced Manufacturing Fixture,2025-05-19,1013.8643,0.0016,20328000000.0000,3,fixture,L1,fixture
advanced_manufacturing,Advanced Manufacturing Fixture,2025-05-20,1015.0554,0.0012,20352000000.0000,3,fixture,L1,fixture
advanced_manufacturing,Advanced Manufacturing Fixture,2025-05-21,1015.7871,0.0007,20376000000.0000,3,fixture,L1,fixture
advanced_manufacturing,Advanced Manufacturing Fixture,2025-05-22,1016.0531,0.0003,20400000000.0000,3,fixture,L1,fixture
advanced_manufacturing,Advanced Manufacturing Fixture,2025-05-23,1015.8580,-0.0002,20424000000.0000,3,fixture,L1,fixture
advanced_manufacturing,Advanced Manufacturing Fixture,2025-05-26,1015.2160,-0.0006,20448000000.0000,3,fixture,L1,fixture
advanced_manufacturing,Advanced Manufacturing Fixture,2025-05-27,1014.1514,-0.0010,20472000000.0000,3,fixture,L1,fixture
advanced_manufacturing,Advanced Manufacturing Fixture,2025-05-28,1012.6979,-0.0014,20496000000.0000,3,fixture,L1,fixture
advanced_manufacturing,Advanced Manufacturing Fixture,2025-05-29,1010.8975,-0.0018,20520000000.0000,3,fixture,L1,fixture
advanced_manufacturing,Advanced Manufacturing Fixture,2025-05-30,1008.8001,-0.0021,20544000000.0000,3,fixture,L1,fixture
advanced_manufacturing,Advanced Manufacturing Fixture,2025-06-02,1006.4623,-0.0023,20568000000.0000,3,fixture,L1,fixture
advanced_manufacturing,Advanced Manufacturing Fixture,2025-06-03,1003.9459,-0.0025,20592000000.0000,3,fixture,L1,fixture
advanced_manufacturing,Advanced Manufacturing Fixture,2025-06-04,1001.3172,-0.0026,20616000000.0000,3,fixture,L1,fixture
advanced_manufacturing,Advanced Manufacturing Fixture,2025-06-05,998.6451,-0.0027,20640000000.0000,3,fixture,L1,fixture
advanced_manufacturing,Advanced Manufacturing Fixture,2025-06-06,995.9998,-0.0026,20664000000.0000,3,fixture,L1,fixture
advanced_manufacturing,Advanced Manufacturing Fixture,2025-06-09,993.4515,-0.0026,20688000000.0000,3,fixture,L1,fixture
advanced_manufacturing,Advanced Manufacturing Fixture,2025-06-10,991.0687,-0.0024,20712000000.0000,3,fixture,L1,fixture
advanced_manufacturing,Advanced Manufacturing Fixture,2025-06-11,988.9170,-0.0022,20736000000.0000,3,fixture,L1,fixture
advanced_manufacturing,Advanced Manufacturing Fixture,2025-06-12,987.0573,-0.0019,20760000000.0000,3,fixture,L1,fixture
advanced_manufacturing,Advanced Manufacturing Fixture,2025-06-13,985.5451,-0.0015,20784000000.0000,3,fixture,L1,fixture
advanced_manufacturing,Advanced Manufacturing Fixture,2025-06-16,984.4289,-0.0011,20808000000.0000,3,fixture,L1,fixture
advanced_manufacturing,Advanced Manufacturing Fixture,2025-06-17,983.7492,-0.0007,20832000000.0000,3,fixture,L1,fixture
advanced_manufacturing,Advanced Manufacturing Fixture,2025-06-18,983.5379,-0.0002,20856000000.0000,3,fixture,L1,fixture
advanced_manufacturing,Advanced Manufacturing Fixture,2025-06-19,983.8173,0.0003,20880000000.0000,3,fixture,L1,fixture
advanced_manufacturing,Advanced Manufacturing Fixture,2025-06-20,984.5997,0.0008,20904000000.0000,3,fixture,L1,fixture
advanced_manufacturing,Advanced Manufacturing Fixture,2025-06-23,985.8871,0.0013,20928000000.0000,3,fixture,L1,fixture
advanced_manufacturing,Advanced Manufacturing Fixture,2025-06-24,987.6713,0.0018,20952000000.0000,3,fixture,L1,fixture
advanced_manufacturing,Advanced Manufacturing Fixture,2025-06-25,989.9338,0.0023,20976000000.0000,3,fixture,L1,fixture
advanced_manufacturing,Advanced Manufacturing Fixture,2025-06-26,992.6461,0.0027,21000000000.0000,3,fixture,L1,fixture
advanced_manufacturing,Advanced Manufacturing Fixture,2025-06-27,995.7703,0.0031,21024000000.0000,3,fixture,L1,fixture
advanced_manufacturing,Advanced Manufacturing Fixture,2025-06-30,999.2600,0.0035,21048000000.0000,3,fixture,L1,fixture
advanced_manufacturing,Advanced Manufacturing Fixture,2025-07-01,1003.0610,0.0038,21072000000.0000,3,fixture,L1,fixture
advanced_manufacturing,Advanced Manufacturing Fixture,2025-07-02,1007.1123,0.0040,21096000000.0000,3,fixture,L1,fixture
advanced_manufacturing,Advanced Manufacturing Fixture,2025-07-03,1011.3477,0.0042,21120000000.0000,3,fixture,L1,fixture
advanced_manufacturing,Advanced Manufacturing Fixture,2025-07-04,1015.6964,0.0043,21144000000.0000,3,fixture,L1,fixture
advanced_manufacturing,Advanced Manufacturing Fixture,2025-07-07,1020.0852,0.0043,21168000000.0000,3,fixture,L1,fixture
advanced_manufacturing,Advanced Manufacturing Fixture,2025-07-08,1024.4394,0.0043,21192000000.0000,3,fixture,L1,fixture
advanced_manufacturing,Advanced Manufacturing Fixture,2025-07-09,1028.6845,0.0041,21216000000.0000,3,fixture,L1,fixture
advanced_manufacturing,Advanced Manufacturing Fixture,2025-07-10,1032.7476,0.0039,21240000000.0000,3,fixture,L1,fixture
advanced_manufacturing,Advanced Manufacturing Fixture,2025-07-11,1036.5591,0.0037,21264000000.0000,3,fixture,L1,fixture
advanced_manufacturing,Advanced Manufacturing Fixture,2025-07-14,1040.0536,0.0034,21288000000.0000,3,fixture,L1,fixture
advanced_manufacturing,Advanced Manufacturing Fixture,2025-07-15,1043.1717,0.0030,21312000000.0000,3,fixture,L1,fixture
advanced_manufacturing,Advanced Manufacturing Fixture,2025-07-16,1045.8608,0.0026,21336000000.0000,3,fixture,L1,fixture
advanced_manufacturing,Advanced Manufacturing Fixture,2025-07-17,1048.0764,0.0021,21360000000.0000,3,fixture,L1,fixture
advanced_manufacturing,Advanced Manufacturing Fixture,2025-07-18,1049.7830,0.0016,21384000000.0000,3,fixture,L1,fixture
advanced_manufacturing,Advanced Manufacturing Fixture,2025-07-21,1050.9544,0.0011,21408000000.0000,3,fixture,L1,fixture
advanced_manufacturing,Advanced Manufacturing Fixture,2025-07-22,1051.5748,0.0006,21432000000.0000,3,fixture,L1,fixture
advanced_manufacturing,Advanced Manufacturing Fixture,2025-07-23,1051.6387,0.0001,21456000000.0000,3,fixture,L1,fixture
advanced_manufacturing,Advanced Manufacturing Fixture,2025-07-24,1051.1511,-0.0005,21480000000.0000,3,fixture,L1,fixture
advanced_manufacturing,Advanced Manufacturing Fixture,2025-07-25,1050.1274,-0.0010,21504000000.0000,3,fixture,L1,fixture
advanced_manufacturing,Advanced Manufacturing Fixture,2025-07-28,1048.5930,-0.0015,21528000000.0000,3,fixture,L1,fixture
advanced_manufacturing,Advanced Manufacturing Fixture,2025-07-29,1046.5830,-0.0019,21552000000.0000,3,fixture,L1,fixture
advanced_manufacturing,Advanced Manufacturing Fixture,2025-07-30,1044.1412,-0.0023,21576000000.0000,3,fixture,L1,fixture
advanced_manufacturing,Advanced Manufacturing Fixture,2025-07-31,1041.3193,-0.0027,21600000000.0000,3,fixture,L1,fixture
advanced_manufacturing,Advanced Manufacturing Fixture,2025-08-01,1038.1759,-0.0030,21624000000.0000,3,fixture,L1,fixture
advanced_manufacturing,Advanced Manufacturing Fixture,2025-08-04,1034.7753,-0.0033,21648000000.0000,3,fixture,L1,fixture
advanced_manufacturing,Advanced Manufacturing Fixture,2025-08-05,1031.1861,-0.0035,21672000000.0000,3,fixture,L1,fixture
advanced_manufacturing,Advanced Manufacturing Fixture,2025-08-06,1027.4801,-0.0036,21696000000.0000,3,fixture,L1,fixture
advanced_manufacturing,Advanced Manufacturing Fixture,2025-08-07,1023.7303,-0.0036,21720000000.0000,3,fixture,L1,fixture
advanced_manufacturing,Advanced Manufacturing Fixture,2025-08-08,1020.0098,-0.0036,21744000000.0000,3,fixture,L1,fixture
advanced_manufacturing,Advanced Manufacturing Fixture,2025-08-11,1016.3906,-0.0035,21768000000.0000,3,fixture,L1,fixture
advanced_manufacturing,Advanced Manufacturing Fixture,2025-08-12,1012.9414,-0.0034,21792000000.0000,3,fixture,L1,fixture
advanced_manufacturing,Advanced Manufacturing Fixture,2025-08-13,1009.7267,-0.0032,21816000000.0000,3,fixture,L1,fixture
advanced_manufacturing,Advanced Manufacturing Fixture,2025-08-14,1006.8058,-0.0029,21840000000.0000,3,fixture,L1,fixture
advanced_manufacturing,Advanced Manufacturing Fixture,2025-08-15,1004.2307,-0.0026,21864000000.0000,3,fixture,L1,fixture
advanced_manufacturing,Advanced Manufacturing Fixture,2025-08-18,1002.0461,-0.0022,21888000000.0000,3,fixture,L1,fixture
advanced_manufacturing,Advanced Manufacturing Fixture,2025-08-19,1000.2878,-0.0018,21912000000.0000,3,fixture,L1,fixture
advanced_manufacturing,Advanced Manufacturing Fixture,2025-08-20,998.9822,-0.0013,21936000000.0000,3,fixture,L1,fixture
advanced_manufacturing,Advanced Manufacturing Fixture,2025-08-21,998.1458,-0.0008,21960000000.0000,3,fixture,L1,fixture
advanced_manufacturing,Advanced Manufacturing Fixture,2025-08-22,997.7852,-0.0004,21984000000.0000,3,fixture,L1,fixture
advanced_manufacturing,Advanced Manufacturing Fixture,2025-08-25,997.8963,0.0001,22008000000.0000,3,fixture,L1,fixture
advanced_manufacturing,Advanced Manufacturing Fixture,2025-08-26,998.4652,0.0006,22032000000.0000,3,fixture,L1,fixture
advanced_manufacturing,Advanced Manufacturing Fixture,2025-08-27,999.4678,0.0010,22056000000.0000,3,fixture,L1,fixture
advanced_manufacturing,Advanced Manufacturing Fixture,2025-08-28,1000.8711,0.0014,22080000000.0000,3,fixture,L1,fixture
advanced_manufacturing,Advanced Manufacturing Fixture,2025-08-29,1002.6331,0.0018,22104000000.0000,3,fixture,L1,fixture
advanced_manufacturing,Advanced Manufacturing Fixture,2025-09-01,1004.7043,0.0021,22128000000.0000,3,fixture,L1,fixture
advanced_manufacturing,Advanced Manufacturing Fixture,2025-09-02,1007.0285,0.0023,22152000000.0000,3,fixture,L1,fixture
advanced_manufacturing,Advanced Manufacturing Fixture,2025-09-03,1009.5440,0.0025,22176000000.0000,3,fixture,L1,fixture
advanced_manufacturing,Advanced Manufacturing Fixture,2025-09-04,1012.1850,0.0026,22200000000.0000,3,fixture,L1,fixture
advanced_manufacturing,Advanced Manufacturing Fixture,2025-09-05,1014.8827,0.0027,22224000000.0000,3,fixture,L1,fixture
advanced_manufacturing,Advanced Manufacturing Fixture,2025-09-08,1017.5673,0.0026,22248000000.0000,3,fixture,L1,fixture
advanced_manufacturing,Advanced Manufacturing Fixture,2025-09-09,1020.1689,0.0026,22272000000.0000,3,fixture,L1,fixture
advanced_manufacturing,Advanced Manufacturing Fixture,2025-09-10,1022.6192,0.0024,22296000000.0000,3,fixture,L1,fixture
consumer_recovery,Consumer Recovery Fixture,2025-01-02,906.1065,0.0000,18000000000.0000,2,fixture,L1,fixture
consumer_recovery,Consumer Recovery Fixture,2025-01-03,908.3603,0.0025,18024000000.0000,2,fixture,L1,fixture
consumer_recovery,Consumer Recovery Fixture,2025-01-06,910.1833,0.0020,18048000000.0000,2,fixture,L1,fixture
consumer_recovery,Consumer Recovery Fixture,2025-01-07,911.5513,0.0015,18072000000.0000,2,fixture,L1,fixture
consumer_recovery,Consumer Recovery Fixture,2025-01-08,912.4487,0.0010,18096000000.0000,2,fixture,L1,fixture
consumer_recovery,Consumer Recovery Fixture,2025-01-09,912.8693,0.0005,18120000000.0000,2,fixture,L1,fixture
consumer_recovery,Consumer Recovery Fixture,2025-01-10,912.8160,-0.0001,18144000000.0000,2,fixture,L1,fixture
consumer_recovery,Consumer Recovery Fixture,2025-01-13,912.3007,-0.0006,18168000000.0000,2,fixture,L1,fixture
consumer_recovery,Consumer Recovery Fixture,2025-01-14,911.3444,-0.0010,18192000000.0000,2,fixture,L1,fixture
consumer_recovery,Consumer Recovery Fixture,2025-01-15,909.9763,-0.0015,18216000000.0000,2,fixture,L1,fixture
consumer_recovery,Consumer Recovery Fixture,2025-01-16,908.2335,-0.0019,18240000000.0000,2,fixture,L1,fixture
consumer_recovery,Consumer Recovery Fixture,2025-01-17,906.1600,-0.0023,18264000000.0000,2,fixture,L1,fixture
consumer_recovery,Consumer Recovery Fixture,2025-01-20,903.8058,-0.0026,18288000000.0000,2,fixture,L1,fixture
consumer_recovery,Consumer Recovery Fixture,2025-01-21,901.2262,-0.0029,18312000000.0000,2,fixture,L1,fixture
consumer_recovery,Consumer Recovery Fixture,2025-01-22,898.4802,-0.0030,18336000000.0000,2,fixture,L1,fixture
consumer_recovery,Consumer Recovery Fixture,2025-01-23,895.6295,-0.0032,18360000000.0000,2,fixture,L1,fixture
consumer_recovery,Consumer Recovery Fixture,2025-01-24,892.7372,-0.0032,18384000000.0000,2,fixture,L1,fixture
consumer_recovery,Consumer Recovery Fixture,2025-01-27,889.8666,-0.0032,18408000000.0000,2,fixture,L1,fixture
consumer_recovery,Consumer Recovery Fixture,2025-01-28,887.0796,-0.0031,18432000000.0000,2,fixture,L1,fixture
consumer_recovery,Consumer Recovery Fixture,2025-01-29,884.4359,-0.0030,18456000000.0000,2,fixture,L1,fixture
consumer_recovery,Consumer Recovery Fixture,2025-01-30,881.9913,-0.0028,18480000000.0000,2,fixture,L1,fixture
consumer_recovery,Consumer Recovery Fixture,2025-01-31,879.7969,-0.0025,18504000000.0000,2,fixture,L1,fixture
consumer_recovery,Consumer Recovery Fixture,2025-02-03,877.8979,-0.0022,18528000000.0000,2,fixture,L1,fixture
consumer_recovery,Consumer Recovery Fixture,2025-02-04,876.3327,-0.0018,18552000000.0000,2,fixture,L1,fixture
consumer_recovery,Consumer Recovery Fixture,2025-02-05,875.1320,-0.0014,18576000000.0000,2,fixture,L1,fixture
consumer_recovery,Consumer Recovery Fixture,2025-02-06,874.3185,-0.0009,18600000000.0000,2,fixture,L1,fixture
consumer_recovery,Consumer Recovery Fixture,2025-02-07,873.9063,-0.0005,18624000000.0000,2,fixture,L1,fixture
consumer_recovery,Consumer Recovery Fixture,2025-02-10,873.9004,-0.0000,18648000000.0000,2,fixture,L1,fixture
consumer_recovery,Consumer Recovery Fixture,2025-02-11,874.2967,0.0005,18672000000.0000,2,fixture,L1,fixture
consumer_recovery,Consumer Recovery Fixture,2025-02-12,875.0826,0.0009,18696000000.0000,2,fixture,L1,fixture
consumer_recovery,Consumer Recovery Fixture,2025-02-13,876.2363,0.0013,18720000000.0000,2,fixture,L1,fixture
consumer_recovery,Consumer Recovery Fixture,2025-02-14,877.7283,0.0017,18744000000.0000,2,fixture,L1,fixture
consumer_recovery,Consumer Recovery Fixture,2025-02-17,879.5212,0.0020,18768000000.0000,2,fixture,L1,fixture
consumer_recovery,Consumer Recovery Fixture,2025-02-18,881.5710,0.0023,18792000000.0000,2,fixture,L1,fixture
consumer_recovery,Consumer Recovery Fixture,2025-02-19,883.8278,0.0026,18816000000.0000,2,fixture,L1,fixture
consumer_recovery,Consumer Recovery Fixture,2025-02-20,886.2368,0.0027,18840000000.0000,2,fixture,L1,fixture
consumer_recovery,Consumer Recovery Fixture,2025-02-21,888.7396,0.0028,18864000000.0000,2,fixture,L1,fixture
consumer_recovery,Consumer Recovery Fixture,2025-02-24,891.2752,0.0029,18888000000.0000,2,fixture,L1,fixture
consumer_recovery,Consumer Recovery Fixture,2025-02-25,893.7817,0.0028,18912000000.0000,2,fixture,L1,fixture
consumer_recovery,Consumer Recovery Fixture,2025-02-26,896.1970,0.0027,18936000000.0000,2,fixture,L1,fixture
consumer_recovery,Consumer Recovery Fixture,2025-02-27,898.4605,0.0025,18960000000.0000,2,fixture,L1,fixture
consumer_recovery,Consumer Recovery Fixture,2025-02-28,900.5143,0.0023,18984000000.0000,2,fixture,L1,fixture
consumer_recovery,Consumer Recovery Fixture,2025-03-03,902.3043,0.0020,19008000000.0000,2,fixture,L1,fixture
consumer_recovery,Consumer Recovery Fixture,2025-03-04,903.7815,0.0016,19032000000.0000,2,fixture,L1,fixture
consumer_recovery,Consumer Recovery Fixture,2025-03-05,904.9029,0.0012,19056000000.0000,2,fixture,L1,fixture
consumer_recovery,Consumer Recovery Fixture,2025-03-06,905.6326,0.0008,19080000000.0000,2,fixture,L1,fixture
consumer_recovery,Consumer Recovery Fixture,2025-03-07,905.9421,0.0003,19104000000.0000,2,fixture,L1,fixture
consumer_recovery,Consumer Recovery Fixture,2025-03-10,905.8115,-0.0001,19128000000.0000,2,fixture,L1,fixture
consumer_recovery,Consumer Recovery Fixture,2025-03-11,905.2298,-0.0006,19152000000.0000,2,fixture,L1,fixture
consumer_recovery,Consumer Recovery Fixture,2025-03-12,904.1949,-0.0011,19176000000.0000,2,fixture,L1,fixture
consumer_recovery,Consumer Recovery Fixture,2025-03-13,902.7137,-0.0016,19200000000.0000,2,fixture,L1,fixture
consumer_recovery,Consumer Recovery Fixture,2025-03-14,900.8025,-0.0021,19224000000.0000,2,fixture,L1,fixture
consumer_recovery,Consumer Recovery Fixture,2025-03-17,898.4860,-0.0026,19248000000.0000,2,fixture,L1,fixture
consumer_recovery,Consumer Recovery Fixture,2025-03-18,895.7975,-0.0030,19272000000.0000,2,fixture,L1,fixture
consumer_recovery,Consumer Recovery Fixture,2025-03-19,892.7777,-0.0034,19296000000.0000,2,fixture,L1,fixture
consumer_recovery,Consumer Recovery Fixture,2025-03-20,889.4743,-0.0037,19320000000.0000,2,fixture,L1,fixture
consumer_recovery,Consumer Recovery Fixture,2025-03-21,885.9409,-0.0040,19344000000.0000,2,fixture,L1,fixture
consumer_recovery,Consumer Recovery Fixture,2025-03-24,882.2360,-0.0042,19368000000.0000,2,fixture,L1,fixture
consumer_recovery,Consumer Recovery Fixture,2025-03-25,878.4218,-0.0043,19392000000.0000,2,fixture,L1,fixture
consumer_recovery,Consumer Recovery Fixture,2025-03-26,874.5630,-0.0044,19416000000.0000,2,fixture,L1,fixture
consumer_recovery,Consumer Recovery Fixture,2025-03-27,870.7255,-0.0044,19440000000.0000,2,fixture,L1,fixture
consumer_recovery,Consumer Recovery Fixture,2025-03-28,866.9752,-0.0043,19464000000.0000,2,fixture,L1,fixture
consumer_recovery,Consumer Recovery Fixture,2025-03-31,863.3765,-0.0042,19488000000.0000,2,fixture,L1,fixture
consumer_recovery,Consumer Recovery Fixture,2025-04-01,859.9911,-0.0039,19512000000.0000,2,fixture,L1,fixture
consumer_recovery,Consumer Recovery Fixture,2025-04-02,856.8769,-0.0036,19536000000.0000,2,fixture,L1,fixture
consumer_recovery,Consumer Recovery Fixture,2025-04-03,854.0868,-0.0033,19560000000.0000,2,fixture,L1,fixture
consumer_recovery,Consumer Recovery Fixture,2025-04-04,851.6675,-0.0028,19584000000.0000,2,fixture,L1,fixture
consumer_recovery,Consumer Recovery Fixture,2025-04-07,849.6587,-0.0024,19608000000.0000,2,fixture,L1,fixture
consumer_recovery,Consumer Recovery Fixture,2025-04-08,848.0923,-0.0018,19632000000.0000,2,fixture,L1,fixture
consumer_recovery,Consumer Recovery Fixture,2025-04-09,846.9919,-0.0013,19656000000.0000,2,fixture,L1,fixture
consumer_recovery,Consumer Recovery Fixture,2025-04-10,846.3721,-0.0007,19680000000.0000,2,fixture,L1,fixture
consumer_recovery,Consumer Recovery Fixture,2025-04-11,846.2384,-0.0002,19704000000.0000,2,fixture,L1,fixture
consumer_recovery,Consumer Recovery Fixture,2025-04-14,846.5871,0.0004,19728000000.0000,2,fixture,L1,fixture
consumer_recovery,Consumer Recovery Fixture,2025-04-15,847.4052,0.0010,19752000000.0000,2,fixture,L1,fixture
consumer_recovery,Consumer Recovery Fixture,2025-04-16,848.6711,0.0015,19776000000.0000,2,fixture,L1,fixture
consumer_recovery,Consumer Recovery Fixture,2025-04-17,850.3546,0.0020,19800000000.0000,2,fixture,L1,fixture
consumer_recovery,Consumer Recovery Fixture,2025-04-18,852.4178,0.0024,19824000000.0000,2,fixture,L1,fixture
consumer_recovery,Consumer Recovery Fixture,2025-04-21,854.8158,0.0028,19848000000.0000,2,fixture,L1,fixture
consumer_recovery,Consumer Recovery Fixture,2025-04-22,857.4975,0.0031,19872000000.0000,2,fixture,L1,fixture
consumer_recovery,Consumer Recovery Fixture,2025-04-23,860.4071,0.0034,19896000000.0000,2,fixture,L1,fixture
consumer_recovery,Consumer Recovery Fixture,2025-04-24,863.4847,0.0036,19920000000.0000,2,fixture,L1,fixture
consumer_recovery,Consumer Recovery Fixture,2025-04-25,866.6677,0.0037,19944000000.0000,2,fixture,L1,fixture
consumer_recovery,Consumer Recovery Fixture,2025-04-28,869.8922,0.0037,19968000000.0000,2,fixture,L1,fixture
consumer_recovery,Consumer Recovery Fixture,2025-04-29,873.0943,0.0037,19992000000.0000,2,fixture,L1,fixture
consumer_recovery,Consumer Recovery Fixture,2025-04-30,876.2113,0.0036,20016000000.0000,2,fixture,L1,fixture
consumer_recovery,Consumer Recovery Fixture,2025-05-01,879.1828,0.0034,20040000000.0000,2,fixture,L1,fixture
consumer_recovery,Consumer Recovery Fixture,2025-05-02,881.9524,0.0032,20064000000.0000,2,fixture,L1,fixture
consumer_recovery,Consumer Recovery Fixture,2025-05-05,884.4684,0.0029,20088000000.0000,2,fixture,L1,fixture
consumer_recovery,Consumer Recovery Fixture,2025-05-06,886.6850,0.0025,20112000000.0000,2,fixture,L1,fixture
consumer_recovery,Consumer Recovery Fixture,2025-05-07,888.5633,0.0021,20136000000.0000,2,fixture,L1,fixture
consumer_recovery,Consumer Recovery Fixture,2025-05-08,890.0720,0.0017,20160000000.0000,2,fixture,L1,fixture
consumer_recovery,Consumer Recovery Fixture,2025-05-09,891.1879,0.0013,20184000000.0000,2,fixture,L1,fixture
consumer_recovery,Consumer Recovery Fixture,2025-05-12,891.8965,0.0008,20208000000.0000,2,fixture,L1,fixture
consumer_recovery,Consumer Recovery Fixture,2025-05-13,892.1924,0.0003,20232000000.0000,2,fixture,L1,fixture
consumer_recovery,Consumer Recovery Fixture,2025-05-14,892.0790,-0.0001,20256000000.0000,2,fixture,L1,fixture
consumer_recovery,Consumer Recovery Fixture,2025-05-15,891.5689,-0.0006,20280000000.0000,2,fixture,L1,fixture
consumer_recovery,Consumer Recovery Fixture,2025-05-16,890.6831,-0.0010,20304000000.0000,2,fixture,L1,fixture
consumer_recovery,Consumer Recovery Fixture,2025-05-19,889.4509,-0.0014,20328000000.0000,2,fixture,L1,fixture
consumer_recovery,Consumer Recovery Fixture,2025-05-20,887.9093,-0.0017,20352000000.0000,2,fixture,L1,fixture
consumer_recovery,Consumer Recovery Fixture,2025-05-21,886.1019,-0.0020,20376000000.0000,2,fixture,L1,fixture
consumer_recovery,Consumer Recovery Fixture,2025-05-22,884.0783,-0.0023,20400000000.0000,2,fixture,L1,fixture
consumer_recovery,Consumer Recovery Fixture,2025-05-23,881.8927,-0.0025,20424000000.0000,2,fixture,L1,fixture
consumer_recovery,Consumer Recovery Fixture,2025-05-26,879.6033,-0.0026,20448000000.0000,2,fixture,L1,fixture
consumer_recovery,Consumer Recovery Fixture,2025-05-27,877.2706,-0.0027,20472000000.0000,2,fixture,L1,fixture
consumer_recovery,Consumer Recovery Fixture,2025-05-28,874.9563,-0.0026,20496000000.0000,2,fixture,L1,fixture
consumer_recovery,Consumer Recovery Fixture,2025-05-29,872.7219,-0.0026,20520000000.0000,2,fixture,L1,fixture
consumer_recovery,Consumer Recovery Fixture,2025-05-30,870.6277,-0.0024,20544000000.0000,2,fixture,L1,fixture
consumer_recovery,Consumer Recovery Fixture,2025-06-02,868.7313,-0.0022,20568000000.0000,2,fixture,L1,fixture
consumer_recovery,Consumer Recovery Fixture,2025-06-03,867.0863,-0.0019,20592000000.0000,2,fixture,L1,fixture
consumer_recovery,Consumer Recovery Fixture,2025-06-04,865.7413,-0.0016,20616000000.0000,2,fixture,L1,fixture
consumer_recovery,Consumer Recovery Fixture,2025-06-05,864.7391,-0.0012,20640000000.0000,2,fixture,L1,fixture
consumer_recovery,Consumer Recovery Fixture,2025-06-06,864.1153,-0.0007,20664000000.0000,2,fixture,L1,fixture
consumer_recovery,Consumer Recovery Fixture,2025-06-09,863.8979,-0.0003,20688000000.0000,2,fixture,L1,fixture
consumer_recovery,Consumer Recovery Fixture,2025-06-10,864.1065,0.0002,20712000000.0000,2,fixture,L1,fixture
consumer_recovery,Consumer Recovery Fixture,2025-06-11,864.7520,0.0007,20736000000.0000,2,fixture,L1,fixture
consumer_recovery,Consumer Recovery Fixture,2025-06-12,865.8363,0.0013,20760000000.0000,2,fixture,L1,fixture
consumer_recovery,Consumer Recovery Fixture,2025-06-13,867.3521,0.0018,20784000000.0000,2,fixture,L1,fixture
consumer_recovery,Consumer Recovery Fixture,2025-06-16,869.2832,0.0022,20808000000.0000,2,fixture,L1,fixture
consumer_recovery,Consumer Recovery Fixture,2025-06-17,871.6046,0.0027,20832000000.0000,2,fixture,L1,fixture
consumer_recovery,Consumer Recovery Fixture,2025-06-18,874.2831,0.0031,20856000000.0000,2,fixture,L1,fixture
consumer_recovery,Consumer Recovery Fixture,2025-06-19,877.2780,0.0034,20880000000.0000,2,fixture,L1,fixture
consumer_recovery,Consumer Recovery Fixture,2025-06-20,880.5417,0.0037,20904000000.0000,2,fixture,L1,fixture
consumer_recovery,Consumer Recovery Fixture,2025-06-23,884.0206,0.0040,20928000000.0000,2,fixture,L1,fixture
consumer_recovery,Consumer Recovery Fixture,2025-06-24,887.6566,0.0041,20952000000.0000,2,fixture,L1,fixture
consumer_recovery,Consumer Recovery Fixture,2025-06-25,891.3877,0.0042,20976000000.0000,2,fixture,L1,fixture
consumer_recovery,Consumer Recovery Fixture,2025-06-26,895.1496,0.0042,21000000000.0000,2,fixture,L1,fixture
consumer_recovery,Consumer Recovery Fixture,2025-06-27,898.8768,0.0042,21024000000.0000,2,fixture,L1,fixture
consumer_recovery,Consumer Recovery Fixture,2025-06-30,902.5038,0.0040,21048000000.0000,2,fixture,L1,fixture
consumer_recovery,Consumer Recovery Fixture,2025-07-01,905.9669,0.0038,21072000000.0000,2,fixture,L1,fixture
consumer_recovery,Consumer Recovery Fixture,2025-07-02,909.2049,0.0036,21096000000.0000,2,fixture,L1,fixture
consumer_recovery,Consumer Recovery Fixture,2025-07-03,912.1605,0.0033,21120000000.0000,2,fixture,L1,fixture
consumer_recovery,Consumer Recovery Fixture,2025-07-04,914.7817,0.0029,21144000000.0000,2,fixture,L1,fixture
consumer_recovery,Consumer Recovery Fixture,2025-07-07,917.0225,0.0024,21168000000.0000,2,fixture,L1,fixture
consumer_recovery,Consumer Recovery Fixture,2025-07-08,918.8440,0.0020,21192000000.0000,2,fixture,L1,fixture
consumer_recovery,Consumer Recovery Fixture,2025-07-09,920.2152,0.0015,21216000000.0000,2,fixture,L1,fixture
consumer_recovery,Consumer Recovery Fixture,2025-07-10,921.1135,0.0010,21240000000.0000,2,fixture,L1,fixture
consumer_recovery,Consumer Recovery Fixture,2025-07-11,921.5250,0.0004,21264000000.0000,2,fixture,L1,fixture
consumer_recovery,Consumer Recovery Fixture,2025-07-14,921.4454,-0.0001,21288000000.0000,2,fixture,L1,fixture
consumer_recovery,Consumer Recovery Fixture,2025-07-15,920.8792,-0.0006,21312000000.0000,2,fixture,L1,fixture
consumer_recovery,Consumer Recovery Fixture,2025-07-16,919.8403,-0.0011,21336000000.0000,2,fixture,L1,fixture
consumer_recovery,Consumer Recovery Fixture,2025-07-17,918.3514,-0.0016,21360000000.0000,2,fixture,L1,fixture
consumer_recovery,Consumer Recovery Fixture,2025-07-18,916.4437,-0.0021,21384000000.0000,2,fixture,L1,fixture
consumer_recovery,Consumer Recovery Fixture,2025-07-21,914.1560,-0.0025,21408000000.0000,2,fixture,L1,fixture
consumer_recovery,Consumer Recovery Fixture,2025-07-22,911.5341,-0.0029,21432000000.0000,2,fixture,L1,fixture
consumer_recovery,Consumer Recovery Fixture,2025-07-23,908.6300,-0.0032,21456000000.0000,2,fixture,L1,fixture
consumer_recovery,Consumer Recovery Fixture,2025-07-24,905.5004,-0.0034,21480000000.0000,2,fixture,L1,fixture
consumer_recovery,Consumer Recovery Fixture,2025-07-25,902.2061,-0.0036,21504000000.0000,2,fixture,L1,fixture
consumer_recovery,Consumer Recovery Fixture,2025-07-28,898.8105,-0.0038,21528000000.0000,2,fixture,L1,fixture
consumer_recovery,Consumer Recovery Fixture,2025-07-29,895.3781,-0.0038,21552000000.0000,2,fixture,L1,fixture
consumer_recovery,Consumer Recovery Fixture,2025-07-30,891.9736,-0.0038,21576000000.0000,2,fixture,L1,fixture
consumer_recovery,Consumer Recovery Fixture,2025-07-31,888.6606,-0.0037,21600000000.0000,2,fixture,L1,fixture
consumer_recovery,Consumer Recovery Fixture,2025-08-01,885.4998,-0.0036,21624000000.0000,2,fixture,L1,fixture
consumer_recovery,Consumer Recovery Fixture,2025-08-04,882.5484,-0.0033,21648000000.0000,2,fixture,L1,fixture
consumer_recovery,Consumer Recovery Fixture,2025-08-05,879.8586,-0.0030,21672000000.0000,2,fixture,L1,fixture
consumer_recovery,Consumer Recovery Fixture,2025-08-06,877.4766,-0.0027,21696000000.0000,2,fixture,L1,fixture
consumer_recovery,Consumer Recovery Fixture,2025-08-07,875.4418,-0.0023,21720000000.0000,2,fixture,L1,fixture
consumer_recovery,Consumer Recovery Fixture,2025-08-08,873.7860,-0.0019,21744000000.0000,2,fixture,L1,fixture
consumer_recovery,Consumer Recovery Fixture,2025-08-11,872.5327,-0.0014,21768000000.0000,2,fixture,L1,fixture
consumer_recovery,Consumer Recovery Fixture,2025-08-12,871.6967,-0.0010,21792000000.0000,2,fixture,L1,fixture
consumer_recovery,Consumer Recovery Fixture,2025-08-13,871.2838,-0.0005,21816000000.0000,2,fixture,L1,fixture
consumer_recovery,Consumer Recovery Fixture,2025-08-14,871.2908,0.0000,21840000000.0000,2,fixture,L1,fixture
consumer_recovery,Consumer Recovery Fixture,2025-08-15,871.7054,0.0005,21864000000.0000,2,fixture,L1,fixture
consumer_recovery,Consumer Recovery Fixture,2025-08-18,872.5068,0.0009,21888000000.0000,2,fixture,L1,fixture
consumer_recovery,Consumer Recovery Fixture,2025-08-19,873.6658,0.0013,21912000000.0000,2,fixture,L1,fixture
consumer_recovery,Consumer Recovery Fixture,2025-08-20,875.1459,0.0017,21936000000.0000,2,fixture,L1,fixture
consumer_recovery,Consumer Recovery Fixture,2025-08-21,876.9034,0.0020,21960000000.0000,2,fixture,L1,fixture
consumer_recovery,Consumer Recovery Fixture,2025-08-22,878.8891,0.0023,21984000000.0000,2,fixture,L1,fixture
consumer_recovery,Consumer Recovery Fixture,2025-08-25,881.0487,0.0025,22008000000.0000,2,fixture,L1,fixture
consumer_recovery,Consumer Recovery Fixture,2025-08-26,883.3243,0.0026,22032000000.0000,2,fixture,L1,fixture
consumer_recovery,Consumer Recovery Fixture,2025-08-27,885.6557,0.0026,22056000000.0000,2,fixture,L1,fixture
consumer_recovery,Consumer Recovery Fixture,2025-08-28,887.9812,0.0026,22080000000.0000,2,fixture,L1,fixture
consumer_recovery,Consumer Recovery Fixture,2025-08-29,890.2394,0.0025,22104000000.0000,2,fixture,L1,fixture
consumer_recovery,Consumer Recovery Fixture,2025-09-01,892.3702,0.0024,22128000000.0000,2,fixture,L1,fixture
consumer_recovery,Consumer Recovery Fixture,2025-09-02,894.3162,0.0022,22152000000.0000,2,fixture,L1,fixture
consumer_recovery,Consumer Recovery Fixture,2025-09-03,896.0239,0.0019,22176000000.0000,2,fixture,L1,fixture
consumer_recovery,Consumer Recovery Fixture,2025-09-04,897.4447,0.0016,22200000000.0000,2,fixture,L1,fixture
consumer_recovery,Consumer Recovery Fixture,2025-09-05,898.5361,0.0012,22224000000.0000,2,fixture,L1,fixture
consumer_recovery,Consumer Recovery Fixture,2025-09-08,899.2624,0.0008,22248000000.0000,2,fixture,L1,fixture
consumer_recovery,Consumer Recovery Fixture,2025-09-09,899.5958,0.0004,22272000000.0000,2,fixture,L1,fixture
consumer_recovery,Consumer Recovery Fixture,2025-09-10,899.5167,-0.0001,22296000000.0000,2,fixture,L1,fixture
